('лиц',)
('жд',)
('сан',)
('николай',)
('ту',)
('пэк',)
('би',)
('ван',)
('кинг',)
('су',)
('ми',)
('мо',)
('ам',)
('вин',)
('кит',)
('ким',)
('пак',)
('ян',)
('гассиев',)
('пин',)
('ин',)
('автор',)
('костенко',)
('кузнецова',)
('си',)
('хасанова',)
('ма',)
('дай',)
('дай', 'дай')
('мур',)
('райдер',)
('се',)
('мэй',)
('федорова',)
('ахмат',)
('шевченко',)
('эрик',)
('баранов',)
('петров',)
('мартиросян',)
('мендес',)
('жуков',)
('васильев',)
('гусейнова',)
('юань',)
('иванов',)
('филатов',)
('кан',)
('барто',)
('канделаки',)
('лит',)
('евдокимов',)
('полякова',)
('лоу',)
('ба',)
('ши',)
('гусейнов',)
('поляков',)
('кузнецов',)
('лу',)
('стариков',)
('гасиев',)
('алиева',)
('кулакова',)
('син',)
('багдасарян',)
('пар',)
('петросян',)
('новиков',)
('белов',)
('кравченко',)
('расулов',)
('месхи',)
('рерих',)
('рамирес',)
('юнусов',)
('ильин',)
('павлов',)
('магомедов',)
('никифоров',)
('рашид',)
('лю',)
('уин',)
('кадырова',)
('борисов',)
('смирнов',)
('леонтьев',)
('алек',)
('исаев',)
('саркисян',)
('карамзин',)
('зейн',)
('ху',)
('ци',)
('зарипов',)
('лин',)
('хусейн',)
('чу',)
('исмаилов',)
('азимов',)
('суханова',)
('ахмедова',)
('бела',)
('линь',)
('джемал',)
('федоров',)
('хе',)
('асатрян',)
('ибрагимов',)
('уле',)
('тайган',)
('шу',)
('рустамова',)
('алиев',)
('никонов',)
('мурадян',)
('тин',)
('юй',)
('каменский',)
('казаков',)
('юсупов',)
('фальк',)
('егоров',)
('одон',)
('охара',)
('карахан',)
('ковалевская',)
('григорьев',)
('оганян',)
('чен',)
('пономарев',)
('судзуки',)
('сухов',)
('ревазов',)
('григорян',)
('хомяков',)
('тао',)
('стоева',)
('карапетян',)
('сюмин',)
('рахманов',)
('кашина',)
('хуа',)
('исаков',)
('рыбникова',)
('салес',)
('мусаев',)
('арутюнян',)
('хэй',)
('мамонтов',)
('демин',)
('исмаил',)
('шарипов',)
('сабиров',)
('виноградов',)
('лиен',)
('вэй',)
('рахимова',)
('есаян',)
('минькова',)
('гаджиев',)
('базаров',)
('геворкян',)
('ломакина',)
('габриэлян',)
('закиров',)
('накамура',)
('ахмад',)
('дамба',)
('саидов',)
('миниатюра',)
('гу', 'ло')
('чоу',)
('лам',)
('бабаджанян',)
('абдуллаев',)
('хун',)
('ильина',)
('гафуров',)
('усманов',)
('хамраев',)
('тойо',)
('фань',)
('оганесян',)
('ибрагимова',)
('герасимов',)
('сагдуллаев',)
('фута',)
('наумов',)
('керимов',)
('варка',)
('карлсен',)
('чернышев',)
('лорис', 'меликов')
('меликов', 'лорис')
('паронян',)
('зейналов',)
('синь',)
('рыбников',)
('ракова',)
('агаев',)
('уфимцев',)
('онно',)
('якупов',)
('султанова',)
('шарапов',)
('камбарова',)
('рахимов',)
('акопян',)
('раджабова',)
('халилова',)
('ота',)
('цзин',)
('джикия',)
('джикия', 'джикия')
('бельды',)
('урарту',)
('канду',)
('мамедов',)
('сивцев',)
('гун',)
('курбанов',)
('горчакова',)
('суслов',)
('пушман',)
('шапошников',)
('ходжаниязов',)
('холова',)
('мартыненко',)
('ахмедов',)
('церетели',)
('чуйков',)
('халилов',)
('сёко',)
('жмакин',)
('синта',)
('гаев',)
('мартов',)
('гасанов',)
('конопацкая',)
('бакулина',)
('багдасаров',)
('хань',)
('лао',)
('айвазян',)
('левицкий',)
('уск',)
('сафаров',)
('сарычева',)
('ованесян',)
('дипак',)
('абашидзе',)
('гао',)
('бурьян',)
('магомедова',)
('хайдаров',)
('асламова',)
('цзинь',)
('хиромаса',)
('ун',)
('синсай',)
('глухов',)
('тун',)
('чэнь',)
('байрамов',)
('аракелян',)
('мелконян',)
('алиханов',)
('лэй',)
('чжэн', 'шуан')
('куй',)
('тимин',)
('лаков',)
('истомин',)
('кужугет',)
('лю', 'кан')
('хетагуров',)
('кутателадзе',)
('курбанова',)
('саркисов',)
('щеглов',)
('мухаммад', 'али')
('эфрос',)
('мазель',)
('надеждин',)
('саади',)
('кавасима',)
('наджафов',)
('кулиев',)
('тонг',)
('шан',)
('каландадзе',)
('бабиков',)
('артыков',)
('хокусай', 'кацусика')
('ховалыг',)
('гадаев',)
('карасик',)
('фаттахов',)
('джанаев',)
('арендт',)
('атоян',)
('сану',)
('янь',)
('гупта',)
('шафиева',)
('мирзоев',)
('бегляров',)
('кодзи',)
('ингер',)
('шевяков',)
('белецкая',)
('рахманова',)
('ань',)
('неизвестный', 'художник')
('нурали',)
('кальдерон',)
