('живота',)
('белка',)
('глава',)
('ивановский',)
('зуб',)
('соловьев',)
('кукрыниксы',)
('иванов',)
('рихтер',)
('гриценко',)
('майбах',)
('мартен',)
('владимиров',)
('кафка',)
('архангельский',)
('венедиктов',)
('климова',)
('коновалов',)
('егоров',)
('родионова',)
('шварц',)
('степанов',)
('чернов',)
('цигаль',)
('шиллер',)
('горин',)
('нечаев',)
('зотова', 'татьяна')
('клименко',)
('модин',)
('никоненко',)
('маковский', 'константин', 'егорович')
('прокоп',)
('голан',)
('балли',)
('саул',)
('панченко',)
