('ростов',)
('киров',)
('зайцев',)
('симс',)
('мисс',)
('my',)
('кострома',)
('али',)
('московский',)
('столица',)
('принц',)
('белый',)
('медведь',)
('николай',)
('рыбаков',)
('никольский',)
('половина',)
('невский',)
('джеймс',)
('волк',)
('гримм',)
('михайлов',)
('грудинин',)
('клевер',)
('скиф',)
('ура',)
('рот',)
('адлер',)
('фикс',)
('достоевский',)
('капитан',)
('леон',)
('пушкин',)
('чехов',)
('машин',)
('блинов',)
('высоцкий',)
('собчак',)
('острова',)
('галкин',)
('хан',)
('самойлова',)
('цой',)
('лео',)
('петерсон',)
('габриелян',)
('фадеев',)
('чайковский',)
('рыбченкова',)
('афанасьева',)
('грамм',)
('серебряный',)
('купер',)
('андерсон',)
('козловский',)
('кларк',)
('лермонтов',)
('королев',)
('малый',)
('ангелов',)
('карпов',)
('маяковский',)
('крик',)
('жуковский',)
('серов',)
('алексеев',)
('моцарт',)
('ивановский',)
('соловей',)
('иванова',)
('элис',)
('урбан',)
('соколова',)
('вилли',)
('горький',)
('вите',)
('кузнецова',)
('мельник',)
('хью',)
('харламов',)
('толстой',)
('михайлова',)
('ур',)
('волков',)
('сталин',)
('волкова',)
('крутой',)
('сокол',)
('ленин',)
('комарова',)
('котов',)
('пьер',)
('жук',)
('коровина',)
('дан',)
('быстрова',)
('баранов',)
('петровский',)
('александров',)
('кауфман',)
('тарасов',)
('разные',)
('тургенев',)
('балашов',)
('лазарев',)
('гордон',)
('головин',)
('танков',)
('бабаян',)
('шевченко',)
('захарова',)
('бунин',)
('леонардо', 'винчи')
('соколов',)
('гагарин',)
('молот',)
('ларин',)
('некрасов',)
('фишер',)
('фишер', 'фишер')
('корзина',)
('данилов',)
('кошкин',)
('дыбенко',)
('соловьев',)
('ярославский',)
('малахов',)
('борисова',)
('тютчев',)
('родригес',)
('черви',)
('барановская',)
('чесноков',)
('петров',)
('альберт',)
('герман',)
('титов',)
('костенко',)
('мельникова',)
('перл',)
('семенов',)
('берлин',)
('андреева',)
('демидова',)
('сами',)
('вагнер',)
('кармен',)
('березовский',)
('лебедев',)
('переход',)
('жила',)
('орлова',)
('серебряков',)
('львов',)
('владимирский',)
('жуков',)
('пастернак',)
('высоцкая',)
('майский',)
('маколей',)
('лукин',)
('клопов',)
('янг',)
('яковлева',)
('михайловский',)
('познер',)
('жириновский', 'владимир', 'вольфович')
('байкова',)
('распутин',)
('мун',)
('паустовский',)
('донской',)
('норман',)
('хайям', 'омар')
('харт',)
('панин',)
('збарская',)
('тараканов',)
('булгаков',)
('голубь',)
('полякова',)
('матвеев',)
('смирнова',)
('краснуха',)
('fuck',)
('носов',)
('лукас',)
('кукрыниксы',)
('мальцев',)
('сталин', 'иосиф', 'виссарионович')
('марковский',)
('буланова',)
('толстой', 'лев')
('муравин',)
('меркель',)
('иванов',)
('морозова',)
('антонова',)
('семенов', 'сергей')
('сергей', 'семенов')
('яковлев',)
('крылов',)
('фомин',)
('павлова',)
('брежнева',)
('поляков',)
('кропоткин',)
('дик',)
('булл',)
('островский',)
('зверева',)
('брежнев',)
('александрова',)
('пучков',)
('гусев',)
('михалков',)
('вологодский',)
('солженицын',)
('киплинг',)
('успенский',)
('жак',)
('васильев',)
('брайт',)
('покровский',)
('грибов',)
('медведев',)
('пасс',)
('леонов',)
('отто',)
('арсеньев',)
('бедный',)
('сонин',)
('айвазовский',)
('ром',)
('куценко',)
('быков',)
('баранова',)
('комаров',)
('черных',)
('горбачев', 'михаил', 'сергеевич')
('барак',)
('петрова',)
('шишкина',)
('носков',)
('кристин',)
('кириченко',)
('пименова',)
('никитин',)
('менделеев',)
('кисель',)
('балабанов',)
('бродский',)
('ленин', 'владимир', 'ильич')
('николаев',)
('савченко',)
('еремеев',)
('астафьев',)
('федорова',)
('шарль',)
('жукова',)
('салтыков', 'щедрин')
('бабенко',)
('лобанова',)
('попов',)
('усманов',)
('соломон',)
('соловьёв',)
('суворов',)
('беккер',)
('тетерин',)
('сидоров',)
('греков',)
('лавров',)
('державин',)
('платонов',)
('шафран',)
('соболь',)
('преображенский',)
('лебедева',)
('шуба',)
('зощенко',)
('соболев',)
('карпович',)
('баш',)
('кравченко',)
('кравченко', 'кравченко')
('лещенко',)
('сретенский',)
('ар',)
('реннер',)
('кеша',)
('науменко',)
('богданович',)
('дени',)
('говорухин', 'станислав', 'сергеевич')
('сварог',)
('козлова',)
('верещагин',)
('мещерский',)
('устинова',)
('великанов',)
('руссо',)
('памфилова',)
('чеховский',)
('витте',)
('никифоров',)
('тимошенко',)
('филатов',)
('башаров',)
('воробьев',)
('мясников',)
('федорович',)
('свиридова',)
('леонард',)
('пресняков',)
('винер',)
('тихонов',)
('серебряная',)
('тарасова',)
('стерлигов',)
('кузьмина',)
('браунинг',)
('романов',)
('пек',)
('смирнов',)
('пирогов',)
('мамаев',)
('рождественский',)
('левис',)
('новиков',)
('шишкин',)
('старцев',)
('филип',)
('короленко',)
('кузьмин',)
('сабо',)
('кузнецов',)
('аб',)
('левин',)
('машков',)
('потапов',)
('левитан',)
('азовский',)
('веласкес',)
('владимиров',)
('прохоров',)
('белоусов',)
('трахтенберг',)
('явлинский',)
('ильин',)
('худ',)
('белов',)
('хрущев', 'никита', 'сергеевич')
('ульяновский',)
('эллис',)
('никифорова',)
('гейнер',)
('сафин',)
('корсаков',)
('смоленский',)
('мышкин',)
('роден',)
('боголюбов',)
('ломов',)
('вальтер',)
('ершов',)
('ульянова',)
('кузов',)
('юнусов',)
('рабинович',)
('жаров',)
('морозов',)
('апн',)
('пичугин',)
('константинова',)
('абрамович',)
('полянский',)
('макаренко',)
('андреев',)
('маркс', 'карл')
('тюльпанов',)
('богородский',)
('бабурин',)
('бойко',)
('гоголь', 'николай', 'васильевич')
('хлынов',)
('раков',)
('токарев',)
('мау',)
('али', 'мухаммед')
('томский',)
('рязанов',)
('гете',)
('матвеева',)
('вайнштейн',)
('симон',)
('сорокин',)
('голдберг',)
('риттер',)
('циолковский',)
('жуков', 'георгий', 'константинович')
('папич',)
('буше',)
('саркисян',)
('григорьева',)
('земский',)
('кокорин',)
('уайльд', 'оскар')
('лукьянова',)
('грибоедов',)
('гусева',)
('песков',)
('караченцев',)
('венедиктов',)
('леонидов',)
('бондаренко',)
('шмидт',)
('шервуд',)
('антонов',)
('набоков',)
('каплан',)
('сердюков',)
('попова',)
('образцова',)
('макаров',)
('франклин',)
('плужников',)
('поддубный',)
('хакамада',)
('гриценко',)
('брежнев', 'леонид', 'ильич')
('вольф',)
('богданова',)
('симонов',)
('тухватуллин',)
('сафронов',)
('патерсон',)
('метелица',)
('миронова',)
('портер',)
('экслер',)
('дюма', 'александр')
('погребняк',)
('гончаров',)
('ибрагимов',)
('акопян',)
('берия', 'лаврентий', 'павлович')
('эрдман',)
('арас',)
('гарденин',)
('фонвизин',)
('рулевой',)
('смольный',)
('прокофьев',)
('мусоргский',)
('аничков',)
('ир',)
('шведов',)
('бабушкин',)
('хмельницкий',)
('орлов',)
('минин',)
('малышева',)
('копыта',)
('жаба',)
('гербер',)
('дмитриева',)
('крестовский',)
('власов',)
('самойлов',)
('лебединский',)
('пинчук', 'пинчук')
('пинчук',)
('буш',)
('тэтчер', 'маргарет')
('докторов',)
('соболева',)
('косяков',)
('спасский',)
('членов',)
('сафина',)
('степаненко',)
('шредер',)
('гаврилов',)
('дворник',)
('исаев',)
('беретта',)
('давыдов',)
('симонова',)
('востриков',)
('осипов',)
('бобров',)
('коновалов',)
('долгов',)
('букин',)
('румянцев',)
('шаламов',)
('андреевский',)
('павлов',)
('евтушенко',)
('рафаэль', 'санти')
('андерсен', 'ганс', 'христиан')
('уткин',)
('иванов', 'александр')
('бутусов',)
('евдокимов',)
('мазур',)
('мурадян',)
('коган',)
('эссен',)
('вернер',)
('ушаков',)
('хусейн', 'саддам')
('николаева',)
('кольт',)
('рожков',)
('баскин',)
('назаров',)
('бородин',)
('рубцов',)
('зюганов',)
('борисов',)
('новак',)
('червяков',)
('мадалиев',)
('беляев',)
('бенуа',)
('булычев',)
('глинка',)
('врубель',)
('лысенко',)
('bauer',)
('колчак',)
('перехода',)
('гау',)
('васнецов',)
('страж',)
('захарченко',)
('раскольников',)
('галант',)
('шахназаров',)
('лихачев',)
('елагин',)
('мюллер',)
('галилей',)
('калинин',)
('явлинский', 'григорий')
('бана',)
('потемкин',)
('давидович',)
('кондратьев',)
('шадр',)
('репин',)
('беркович',)
('мор',)
('пятигорский',)
('палка',)
('якубович',)
('федоров',)
('бразер',)
('исаева',)
('баринова',)
('шишков',)
('панкратов',)
('моисеев',)
('сахаров',)
('бубнов',)
('шекспир', 'уильям')
('ломоносов', 'михаил', 'васильевич')
('корешков',)
('каменский',)
('муратов',)
('свиридов',)
('ками',)
('ильинский',)
('миронов',)
('кудрин',)
('орехов',)
('фетисов',)
('саянский',)
('коновалова',)
('либерман',)
('меньшиков',)
('дергилева',)
('диккенс', 'чарльз')
('котовский',)
('дюран',)
('фурманов',)
('осипова',)
('максимов',)
('егоров',)
('хлебников',)
('анни',)
('корнилов',)
('блохина',)
('линде',)
('кулик',)
('луговой',)
('тир',)
('страхова',)
('маузер',)
('рубенс',)
('ревазов',)
('божий',)
('обухов',)
('дворников',)
('гребенщиков',)
('pick',)
('демидов',)
('валуев',)
('потапенко',)
('керн',)
('харитонов',)
('эпштейн',)
('кирсанов',)
('шварц',)
('дюма',)
('штраус',)
('григ',)
('арсентьев',)
('цеткин', 'клара')
('флакс',)
('юрген',)
('стома',)
('шаховской',)
('барбер',)
('яшин', 'илья')
('вознесенский',)
('дронов',)
('фаворская',)
('сухов',)
('смыслов',)
('дружинин',)
('блюм',)
('добров',)
('суханов',)
('ворошилов',)
('сперанский',)
('фейгин',)
('чарушин',)
('наган',)
('григорян',)
('белова',)
('стрельникова',)
('януш',)
('кудряшов',)
('рублев',)
('марцинкевич',)
('вцик',)
('кац',)
('никонов',)
('роско',)
('рени',)
('сварога',)
('удод',)
('абрамов',)
('кричевский',)
('скрябин',)
('орен',)
('щербаков',)
('кустодиев',)
('чуракова',)
('овчинникова',)
('серебрянный',)
('гришин',)
('мухин',)
('бирюков',)
('гумилев', 'николай')
('логинов',)
('ефимова',)
('червь',)
('киселев',)
('корсакова',)
('белинский',)
('володин',)
('пономарев',)
('герцен',)
('анискин',)
('горшков',)
('исаков',)
('марченко',)
('бабич',)
('степанова',)
('мельников',)
('гладких',)
('блох',)
('остер', 'григорий')
('трофимов',)
('гордеев',)
('литвиненко',)
('дмитриев',)
('стрельников',)
('жданов',)
('гамильтон',)
('эрдманн',)
('матов',)
('кириллов',)
('семенова',)
('шульгин',)
('лизунов',)
('добровольский',)
('charles',)
('маленков',)
('цветков',)
('масляков',)
('кост',)
('сергеев',)
('власова',)
('михеева',)
('гранди',)
('городецкий',)
('круглов',)
('дементьев',)
('савельев',)
('степанов',)
('иордан',)
('амин',)
('пархоменко',)
('петров', 'водкин')
('калмыкова',)
('фридман',)
('лохов',)
('верди',)
('фурье',)
('щедрин',)
('альбрехт', 'дюрер')
('корниенко',)
('шарипов',)
('юсупов',)
('давыдова',)
('коллонтай',)
('чернов',)
('лиен',)
('михеев',)
('меркулов',)
('майборода',)
('геловани',)
('панов',)
('ковалева',)
('гиппенрейтер',)
('стрелкова',)
('кондратюк',)
('горняк',)
('рубинштейн',)
('радищев',)
('вольтер',)
('правдина',)
('селезнев',)
('авель',)
('парамонов',)
('аксенов',)
('салтыков',)
('григорьев',)
('нестеров', 'нестеров')
('нестеров',)
('рузвельт', 'теодор')
('аспид',)
('пантелеев',)
('керенский',)
('шаповалов',)
('вакуленко',)
('василевский',)
('житков',)
('пастушенко',)
('зеленский',)
('вавилов',)
('маркелов',)
('габриэлян',)
('ван', 'дейк')
('стриженов',)
('энгельс', 'фридрих')
('гинзбург',)
('кондрашов',)
('левченко',)
('рахманов',)
('прокудин', 'горский')
('королюк',)
('пушков',)
('мешков',)
('влас',)
('фабрегас',)
('боровский',)
('палех',)
('караченцов',)
('громыко',)
('дор',)
('гомельский',)
('молотов', 'вячеслав', 'михайлович')
('крупская',)
('кастро',)
('савин',)
('зверев',)
('ец',)
('шеварднадзе',)
('шерман',)
('моралес',)
('болотов',)
('виноградов',)
('моа',)
('дроздов',)
('янковский',)
('земляк',)
('чертова',)
('зорина',)
('белозеров',)
('мопассан', 'де', 'ги')
('мамедов',)
('абдуллаев',)
('кочергин',)
('филиппов',)
('квачков', 'владимир', 'васильевич')
('баженов',)
('лобанов',)
('лапшина',)
('дойль', 'конан')
('ковалев',)
('черномырдин',)
('касаткин',)
('jonas',)
('воронин',)
('бантиков',)
('леонова',)
('стенберг',)
('мальцева',)
('афанасьев',)
('ерофеев',)
('моргунов',)
('глушко',)
('нестерова',)
('чемоданов',)
('фалк',)
('рязанова',)
('ольховский',)
('черкасов',)
('микеланджело', 'буонарроти')
('свердлов',)
('манилова',)
('сидельников',)
('розен',)
('таежный',)
('мамонтов',)
('плеханов',)
('любимова',)
('родионова',)
('бакунин',)
('мухина',)
('астахов',)
('готлиб',)
('холин',)
('дорохов',)
('ефимовский',)
('алимова',)
('алферов',)
('бондарь',)
('барабаш',)
('аксаков',)
('адамович',)
('широков',)
('усов',)
('иоффе',)
('зиновьев',)
('константинов',)
('волховский',)
('ясинский',)
('немченко',)
('волошин',)
('владимирова',)
('буслаев',)
('игнатова',)
('костин',)
('уткина',)
('визель',)
('ковтун',)
('рыков',)
('клоков',)
('гойя',)
('акимов',)
('герасимов',)
('комиссаров',)
('анисимов', 'сергей')
('фотоателье',)
('ноздрин',)
('калинин', 'михаил', 'иванович')
('идрисов',)
('мирошниченко',)
('павлович',)
('лужков',)
('золя',)
('горб',)
('красовский',)
('шульц',)
('литвин',)
('туманов',)
('олейник',)
('мичурин',)
('атабеков',)
('смидович',)
('денисов',)
('губской',)
('рылеев',)
('маслов',)
('русаков',)
('снегов',)
('погребинский',)
('портнягин',)
('котляр',)
('метакса',)
('захаров',)
('логвинов',)
('monge',)
('грабарь',)
('деникин',)
('порецкий',)
('чернышев',)
('золотов',)
('ливанов',)
('ливанов', 'ливанов')
('крамской',)
('вагин',)
('сычев',)
('милюков',)
('толь',)
('мовшин',)
('земсков',)
('белоусова',)
('рахманинова',)
('гаршин',)
('каневский',)
('фокин',)
('седов',)
('нечаев',)
('гроссман',)
('митрофанов',)
('пергамент',)
('сысоев',)
('вертинский',)
('клинч',)
('куренков',)
('ермаков',)
('быковский',)
('супрун',)
('годунов',)
('вишневский',)
('конюхов',)
('басов',)
('дорн',)
('шор',)
('даниель', 'дефо')
('александр', 'городницкий')
('тырса',)
('шуман',)
('устинов',)
('берестов',)
('розенберг',)
('харченко',)
('покорны',)
('малиновский',)
('геллер',)
('скотт', 'вальтер')
('шевцов',)
('браз',)
('пекарский',)
('барклай',)
('картман',)
('ежов',)
('бестужев',)
('микоян', 'анастас', 'иванович')
('гетман',)
('асташкин', 'дима')
('кушак',)
('анисимов',)
('шапиро',)
('ботов',)
('чертов',)
('илларионов',)
('фельдман',)
('гознак',)
('гусев', 'виктор')
('булгаков', 'михаил', 'афанасьевич')
('корзун',)
('царицынский',)
('барышников',)
('назаренко',)
('решетников',)
('индейкин',)
('чуркин',)
('быстров',)
('раевский',)
('зубков',)
('нарышкин',)
('кучерова',)
('самойленко',)
('шамсутдинов',)
('разумовский',)
('кадников',)
('денисова',)
('каверин',)
('глазунов',)
('румынский',)
('мартынов',)
('еременко',)
('сакалаускас',)
('бухарин',)
('корф',)
('рыбальченко',)
('скворцов',)
('войтенко',)
('четверикова',)
('ризен',)
('штейн',)
('козак',)
('коваленко',)
('талин',)
('ануфриев',)
('лунин',)
('вяземский',)
('громов',)
('дегтярев',)
('бедный', 'демьян')
('амосова',)
('козлов',)
('ламанов',)
('буре',)
('ким', 'юлий')
('халилов',)
('корнев',)
('ерасов',)
('любимов',)
('павленко',)
('протасов',)
('самсонов',)
('кунка',)
('потапова',)
('царицын',)
('архипова',)
('лукьянов', 'анатолий', 'иванович')
('арагон',)
('пушкарев',)
('елецкий',)
('шаманов',)
('коньков',)
('брехт',)
('андреев', 'леонид')
('лопатина',)
('коларов',)
('джорджоне',)
('емин',)
('викторов',)
('маркин',)
('муминов',)
('рембрант',)
('чепец',)
('реа',)
('игонин',)
('тимченко',)
('дугин', 'александр')
('рубан',)
('прокопович',)
('сизова',)
('бекетов',)
('веселовский',)
('марков',)
('агаев',)
('кулешова',)
('кучкин',)
('кузин',)
('кустов',)
('коровин',)
('жилин',)
('сергеева',)
('терехов',)
('насер',)
('дмитриева', 'оксана', 'генриховна')
('кантер',)
('дубинин',)
('уваров',)
('любич',)
('христенко',)
('хаазе',)
('буданов',)
('филимонов',)
('пахомова',)
('черняк',)
('черников',)
('юдин',)
('jaeger',)
('гогенцоллерн',)
('шифрин',)
('краснов',)
('сологуб',)
('бочаров',)
('мошкова',)
('френц',)
('знаменский',)
('малышев',)
('григорович',)
('страхов',)
('шапошников',)
('литвинов',)
('котлер',)
('тищенко',)
('богословский',)
('еремина',)
('проханов',)
('ульянов',)
('лагерлеф', 'сельма')
('линник',)
('лембит',)
('столяров',)
('добрынина',)
('озерский',)
('ситников',)
('шарапов',)
('добролюбов',)
('жиль',)
('розенкранц',)
('кудряшова',)
('шабанов',)
('ракицкий',)
('шурыгин',)
('майорова',)
('иванников',)
('корецкий',)
('дьячкова',)
('зорин',)
('царёв',)
('крапивина',)
('лапин',)
('князев',)
('злотников',)
('жигунов',)
('досс',)
('кабанов',)
('билибин',)
('зотов',)
('пашков',)
('журавлева',)
('храмов',)
('величко',)
('гурьев',)
('овчинников',)
('хо', 'ши', 'мин')
('погорельский',)
('клемент',)
('дзержинский', 'феликс', 'эдмундович')
('сальников',)
('каганович',)
('струве',)
('рапопорт',)
('грачев',)
('богомолов',)
('ларионов',)
('осипенко',)
('макалей',)
('завод', 'дулево')
('клевцова',)
('твен',)
('чжао',)
('даргомыжский',)
('книт',)
('азаров',)
('крюков',)
('бакулина',)
('кочетков',)
('турчак',)
('багров',)
('гуревич',)
('вележева',)
('левицкий',)
('синайский',)
('мамаджанов',)
('мавлютова',)
('боровой',)
('куликов',)
('залит',)
('кочеткова',)
('волков', 'пенза')
('шитов',)
('фарадей', 'майкл')
('лодыгин',)
('махер',)
('горбатов',)
('фук',)
('гейне',)
('янов',)
('орский',)
('карцев',)
('жиров',)
('ионов',)
('калиниченко',)
('метерлинк',)
('бессонов',)
('яковенко',)
('кучеров',)
('урицкий',)
('плеве',)
('шольц',)
('масленникова',)
('ярошенко',)
('головко',)
('милорадович',)
('григоренко',)
('курбанов',)
('немов',)
('корзин',)
('качан',)
('тимофеев',)
('вега', 'де', 'лопе')
('новаторов',)
('худяков',)
('миних',)
('бизе', 'жорж')
('камара',)
('колесников',)
('фирсова',)
('алексиевич',)
('сокольский',)
('немирович', 'данченко')
('коробейников',)
('муравина',)
('голубков',)
('пороховщиков',)
('сумароков',)
('каплун',)
('еш',)
('лоренс',)
('андронов',)
('богатырева',)
('манштейн',)
('арсеньева',)
('кукин', 'юрий')
('селиванов',)
('сафонов',)
('мережковский',)
('венецианов',)
('кадочников',)
('капустин',)
('шнейдер',)
('пахомов',)
('дейнека',)
('пономаренко',)
('рыжков',)
('марковская',)
('климович',)
('родченко',)
('чернышов',)
('радченко',)
('ефимов',)
('шамшин',)
('воронцов',)
('смолин',)
('сахарова',)
('гейне', 'генрих')
('андрей', 'яковлев')
('сахаров', 'андрей')
('наумов',)
('федотов',)
('лукьянов',)
('булдаков',)
('филон',)
('мочалов',)
('ухтомский',)
('готье',)
('зиверт',)
('лыков',)
('богданов',)
('денисовский',)
('хайдаров',)
('елизаров',)
('ласточкин',)
('кунов',)
('шубин',)
('ивакин',)
('зелинский',)
('русов',)
('волошин', 'максимилиан')
('бидструп',)
('вессель',)
('тарасенко',)
('карачун',)
('шевцова',)
('оффенбах',)
('поливанов',)
('ибраев',)
('блохин',)
('маковский',)
('городницкий',)
('эренбург', 'илья')
('элиот',)
('ходасевич',)
('гаев',)
('heine',)
('тангейзер',)
('боровская',)
('сегал',)
('горбунов',)
('мицкевич',)
('глухов',)
('александр', 'бенуа')
('кун', 'бела')
('гетманский',)
('карякин',)
('пименов',)
('новаковская',)
('аверченко',)
('пастухов',)
('ибаррури',)
('романович',)
('леклерк',)
('шестаков',)
('кюхельбекер',)
('литовченко',)
('копейкин',)
('куропаткин',)
('кононов',)
('малофеев',)
('раевская',)
('вольнова',)
('алехин',)
('федоров', 'святослав')
('фрид',)
('равин',)
('заболотский',)
('георгиева',)
('клейменов',)
('баграмян',)
('халимов',)
('балагур',)
('лесгафт',)
('лукаш',)
('ривас',)
('зарубин',)
('сабурова',)
('кольцов',)
('кантор',)
('юон',)
('кошевой',)
('бондарев',)
('рид', 'джон')
('вучетич',)
('белявский',)
('ruf',)
('богатырев',)
('лернер',)
('куприянов',)
('игнатьев',)
('чистяков',)
('эппле',)
('авдеева',)
('овчаренко',)
('herge',)
('кутателадзе',)
('морев',)
('поздняков',)
('саркисов',)
('гладков',)
('елисеев',)
('нефедов',)
('елин',)
('радимов',)
('аленикова',)
('щеглов',)
('емельянов',)
('пешков',)
('голубев',)
('франс', 'анатоль')
('столярова',)
('чириков',)
('bernard',)
('бочкарев',)
('bianco',)
('довженко',)
('огарев',)
('пуришкевич',)
('надеждин',)
('плотников',)
('крашенинников',)
('прудон',)
('федорченко',)
('авраменко',)
('есин',)
('шебаршин', 'леонид', 'владимирович')
('зорин', 'валентин')
('шерер',)
('петраускас',)
('родзянко',)
('острога',)
('зенкович',)
('молчанов',)
('блит',)
('shakespeare', 'william')
('исакова',)
('коршунов',)
('груздев',)
('ходов',)
('константин', 'иванов')
('огюст', 'роден')
('гальперин',)
('анохин',)
('крымов',)
('мерецков',)
('терещенко',)
('панченко',)
('фирсов',)
('катков',)
('евсеев',)
('саранцева',)
('грищенко',)
('протопопов',)
('ванеев',)
('шлея',)
('аристов',)
('дерябина',)
('самбук',)
('анненков',)
('лапшин',)
('рудой',)
('доннер',)
('каган',)
('гуляев',)
('постник',)
('журавлев',)
('сулимова',)
('карзанов',)
('чхеидзе',)
('лебедев', 'владимир', 'васильевич')
('кропивницкий',)
('вронский',)
('левитин',)
('беглов',)
('черепанов',)
('шайка',)
('липатов',)
('саксен',)
('ферре',)
('бакланов',)
('махов',)
('мосин',)
('элиот', 'джордж')
('чеботарев',)
('цыганок',)
('нейман',)
('лацис',)
('шмаков',)
('щенников',)
('зильберштейн',)
('салмон',)
('фишман',)
('корчагин',)
('завьялов',)
('курбатов',)
('томашевский',)
('рахман',)
('месс',)
('шляхов',)
('сорин',)
('ястржембский',)
('кржижановский',)
('гуров',)
('ходжа', 'энвер')
('валенса', 'лех')
('балабан',)
('карасик',)
('cova',)
('мошин',)
('кожевников',)
('шадрин',)
('костина',)
('кадетов',)
('лагранж',)
('карповский',)
('агеев',)
('емельянова',)
('урусова',)
('ликтор',)
('кибальчич',)
('пластов',)
('непомнящий',)
('лопатин',)
('сен', 'симон')
('плетнев',)
('лиханов',)
('ример',)
('коненков',)
('филипенко',)
('савицкий',)
('беляков',)
('ширин',)
('виленкина',)
('галич', 'александр', 'аркадьевич')
('саммлер',)
('каминский',)
('секретарев',)
('кремер',)
('gonzalez',)
('ольшанский',)
('сазонов',)
('аббасов',)
('зубарев',)
('эренбург',)
('хлебов',)
('булла', 'булла')
('булла',)
('кириллова',)
('бабаева',)
('буров',)
('зворыкин',)
('рудин',)
('гамсун', 'кнут')
('изд',)
('калуцкий',)
('янин',)
('чеглок',)
('уманский',)
('неизвестен',)
('кудрявцев',)
('хаггард',)
('слонимский',)
('моисеенко',)
('романюк',)
('грановский',)
('ротов',)
('беленький',)
('якименко',)
('златоустовский', 'завод')
('лопухов',)
('алин',)
('маслова',)
('аннинский',)
('binder',)
('сизов',)
('мирзоев',)
('недзвецкая',)
('кожухов',)
('руднев',)
('киреев',)
('папп',)
('ахматова', 'анна', 'андреевна')
('пилсудский', 'юзеф')
('иванов', 'борис', 'иванов')
('сальникова',)
('станюкович',)
('подгорный',)
('булатов',)
('пузырьков',)
('шевяков',)
('коржев',)
('дудин',)
('филиппова',)
('щербань',)
('лопухин',)
('зенкевич',)
('бакулин',)
('духанин',)
('барышев',)
('белкин',)
('кассиль',)
('бурбулис',)
('авилов',)
('домбровский',)
('стасик',)
('шабаев',)
('щукина',)
('архипов',)
('архипов', 'архипов')
('левина',)
('червоткин',)
('гринберг',)
('герасимов', 'художник')
('глазунов', 'илья', 'сергеевич')
('байрон', 'джордж', 'гордон')
('петухов',)
('цыганков',)
('ладыгин',)
('рыжиков',)
('ряжский',)
('волховская',)
('юшко',)
('ванина',)
('антокольский',)
('вдовин',)
('кондратенко',)
('hyde',)
('варга',)
('кедров',)
('васин',)
('кулешов',)
('мурильо',)
('цыплаков',)
('шубина',)
('ростовцев',)
('хасбулатов', 'руслан', 'имранович')
('тропинин', 'василий', 'андреевич')
