('михайлов',)
('клевер',)
('роберт',)
('пушкин',)
('серов',)
('алексеев',)
('кузнецова',)
('орлова',)
('федорова',)
('александров',)
('горький',)
('петров',)
('ломоносов',)
('куприн',)
('успенский',)
('жуков',)
('павловский',)
('лебедев',)
('тихонов',)
('морозова',)
('островский',)
('некрасова',)
('носов',)
('крылов',)
('николаев',)
('васильев',)
('оуэн',)
('кузнецов',)
('фёдоров',)
('алексеева',)
('антонов',)
('грибов',)
('орлов',)
('кулакова',)
('айвазовский',)
('троицкий',)
('борисов',)
('андреев',)
('еремеев',)
('платонов',)
('новиков',)
('бондаренко',)
('никитин',)
('шилов',)
('кузьмин',)
('шишкин',)
('старцев',)
('панкратова',)
('флинн',)
('грибоедов',)
('мамин', 'сибиряк')
('портнягин',)
('шмидт',)
('давыдов',)
('осипов',)
('казакова',)
('киселев',)
('федоров',)
('пинчук',)
('шишкина',)
('никонов',)
('рожков',)
('лихачев',)
('шишкин', 'иван', 'иванович')
('бенуа',)
('преображенская',)
('репин',)
('фальк',)
('григорян',)
('мишина',)
('серебрякова',)
('айвазовский', 'иван', 'константинович')
('сахаров',)
('репин', 'илья', 'ефимович')
('гурская',)
('кондратьева',)
('горский',)
('федосеева',)
('маркова',)
('проскурякова',)
('сухов',)
('абрамов',)
('вилле',)
('королев', 'александр')
('кустодиев',)
('ермакова',)
('сергеев',)
('виноградов',)
('дмитриев',)
('ушинский',)
('куликов',)
('малышев',)
('куликова',)
('кох',)
('житков',)
('клейн',)
('рерих', 'николай', 'константинович')
('агапова',)
('куинджи', 'архип', 'иванович')
('воронин',)
('салмина',)
('масленникова',)
('овчинникова', 'александра')
('семёнов',)
('каверин',)
('незлобин',)
('аракчеев',)
('вяземский',)
('фролов',)
('савицкая',)
('богословский',)
('климов',)
('шапиро',)
('розенталь',)
('ковалевский',)
('козьма', 'прутков')
('худякова',)
('нечаев',)
('сухоруков',)
('сердюкова',)
('андрияки',)
('тихомиров',)
('дятлов',)
('мидлер',)
('дегтярев',)
('пименов',)
('бонч', 'бруевич')
('грицкевич',)
('гончаренко',)
('марков',)
('коровин',)
('суслов',)
('спицын',)
('рокотов',)
('margot',)
('аргунова',)
('петров', 'водкин', 'кузьма', 'сергеевич')
('князев',)
('сенкевич',)
('бондарев',)
('богомолов',)
('кобрин',)
('раскин',)
('лурье',)
('швецова',)
('нестеренко',)
('скорняков',)
('жулин',)
('тарасевич',)
('решетников',)
('пахомов',)
('готье',)
('шадрина',)
('грабарь', 'игорь', 'эммануилович')
('дьяконов',)
('маковский',)
('глушакова',)
('стриженко',)
('кононов',)
('творожников',)
('зимин',)
('юон',)
('пущин',)
('чередниченко',)
('афанасьев', 'александр')
('крымов',)
('строганова',)
('поляков', 'константин')
('сорин',)
('артамонов',)
('суров',)
('ге', 'николай', 'николаевич')
('дудин',)
('сомов',)
('неизвестный', 'художник')
('гельман',)
('тропинин', 'василий', 'андреевич')
