('высоцкий',)
('пушкин',)
('петров',)
('гай',)
('тарасова',)
('королев',)
('бытовой',)
('соколов',)
('белов',)
('васильев',)
('иванов',)
('гусев',)
('семенов',)
('комаров',)
('леонов',)
('кузнецов',)
('задорнов',)
('некрасов',)
('баранов',)
('борисов',)
('кауфман',)
('дмитриева',)
('муравин',)
('лихачева',)
('кукрыниксы',)
('чернов',)
('рождественский',)
('федоров',)
('лукин',)
('наумов',)
('иващенко',)
('ульянов',)
('александровский',)
('ткаченко',)
('пришвин',)
('владимиров',)
('смоляков',)
('степанов',)
('мухин',)
('сычев',)
('нино',)
('максимов',)
('стародуб',)
('старцев',)
('портнягин',)
('казакова',)
('пашков',)
('санги',)
('танака', 'танака')
('константинов',)
('демченко',)
('хлебников',)
('проскурин',)
('глушаков',)
('кириленко',)
('кононов',)
('горбунов',)
('решетникова',)
('князев',)
('афанасьев',)
('грачев',)
('феоктистов',)
('марков',)
('волошин',)
('онищенко',)
('самар',)
('федотов',)
('сутеев',)
('овчинников',)
('добровольский',)
('мищенко',)
('образцов',)
('косых',)
('дубровин',)
('глушков',)
('пономаренко',)
('близнец',)
('шапиро',)
('зорин',)
('еремин',)
('корецкий',)
('пермяков',)
('бельды',)
('остапенко',)
('лившиц',)
('хромов',)
('зотов',)
('макеев',)
('ботвинник',)
('малыгин',)
('голованов',)
('мацкевич',)
('шевяков',)
('колоколов',)
('киле',)
('хейфец',)
('поляновский',)
('долматовский',)
('кузменко',)
('палкин',)
('коханов',)
('молоховец',)
